Txhash,Method,Blockno,DateTime (UTC),From,From_Nametag,To,To_Nametag,Value,Txn Fee
0x58f25c772420fb2e841648fdb8e0f5eab139fa58dae9bdcd7602580a0acca22c,Transfer,15661250,2022-10-02 15:06:23,0xEA674fdDe714fd979de3EdF0F56AA9716B898ec8,Ethermine,0x2a65Aca4D5fC5B5C859090a6c34d164135398226,jadoo,0.02815517 ETH,0.00030042
0x47a3a25a3d6fa67854c6fcc560730f16af90ad6e57bb869516dccd5c6617e557,Transfer,15548223,2022-09-16 19:22:11,0x52bc44d5378309EE2abF1539BF71dE1b7d7bE3b5,Nanopool,0x2a65Aca4D5fC5B5C859090a6c34d164135398226,jadoo,0.14779266 ETH,0.00027572
0xcb820ddfb522a8b1cf0dfbaa2fab25faf0fcbbaa667a745f72025c6140d78445,Transfer,13510223,2021-10-29 05:16:34,0x2a65Aca4D5fC5B5C859090a6c34d164135398226,jadoo,0xda4F457aAf8c3ca1cA903Bd6e81E0a1A8a33A263,,2,346.79721781 ETH,0.00340775
0xb44a7cb3b93f81439e7e9b17a3bfa329daf4fe367121ad619b50b420315a1c1f,Swap,13510188,2021-10-29 05:08:48,0x2a65Aca4D5fC5B5C859090a6c34d164135398226,jadoo,0x881D40237659C251811CEC9c364ef91dC08D300C,Metamask: Swap Router,0 ETH,0.03841164
0xa5c0c486c53eb6d0e18ad2faad29e1086e786ac35d67ff6b06236297cd984036,Approve,13510188,2021-10-29 05:08:48,0x2a65Aca4D5fC5B5C859090a6c34d164135398226,jadoo,0xd26114cd6EE289AccF82350c8d8487fedB8A0C07,OMG Network: OMG Token,0 ETH,0.0068044
0xb8d6bf22a530750cf7ddb060330dd998f8bc2388d6ae5646e81b969989ccf25e,Transfer,12890580,2021-07-24 18:13:02,0xEA674fdDe714fd979de3EdF0F56AA9716B898ec8,Ethermine,0x2a65Aca4D5fC5B5C859090a6c34d164135398226,jadoo,0.05001931 ETH,0.000021
0x02cbcbbc006ad3114c0f3de5090c7dc81124731af4891cb7affa7a7550f48aa4,Transfer,12722415,2021-06-28 12:02:38,0xEA674fdDe714fd979de3EdF0F56AA9716B898ec8,Ethermine,0x2a65Aca4D5fC5B5C859090a6c34d164135398226,jadoo,0.04955395 ETH,0.000021
0x6e1db32077d61ddfe9f61d33ad6905cf0c2e1df59412a71f963f07705aa85af9,Transfer,12531088,2021-05-29 19:11:20,0xEA674fdDe714fd979de3EdF0F56AA9716B898ec8,Ethermine,0x2a65Aca4D5fC5B5C859090a6c34d164135398226,jadoo,0.03109817 ETH,0.000021
0x5cb7ae99a182b0e7f9649c3c74c73caff906a918d75e42b2cced58f10e2c2fae,Transfer,12440771,2021-05-15 18:58:12,0xEA674fdDe714fd979de3EdF0F56AA9716B898ec8,Ethermine,0x2a65Aca4D5fC5B5C859090a6c34d164135398226,jadoo,0.03850727 ETH,0.000021
0x26895fee9a7804e1fe19caf8d8b4f8a690f555e6405becd5f30a2b28bcf1210d,Transfer,12350041,2021-05-01 18:49:23,0xEA674fdDe714fd979de3EdF0F56AA9716B898ec8,Ethermine,0x2a65Aca4D5fC5B5C859090a6c34d164135398226,jadoo,0.04037711 ETH,0.000021
0x2103a49b99943dfad81f00957b4c530e38a23fff174ce26a88ba7e7ab8c831d6,Transfer,12255952,2021-04-17 06:20:04,0xEA674fdDe714fd979de3EdF0F56AA9716B898ec8,Ethermine,0x2a65Aca4D5fC5B5C859090a6c34d164135398226,jadoo,0.01662403 ETH,0.000021
0x077aeddbe04a04bf61108d82e13ceb0bb1e400495e1cad97d438a07359dabf14,Transfer*,12011608,2021-03-10 15:28:02,0x2a65Aca4D5fC5B5C859090a6c34d164135398226,jadoo,0x2a65Aca4D5fC5B5C859090a6c34d164135398226,jadoo,0.001 ETH,0.00329347
0xc211acc37f79d7716b7df42ff29f3145da82e916b2902cb0eda4cb9f57051793,Transfer,11683902,2021-01-19 05:42:00,0x2a65Aca4D5fC5B5C859090a6c34d164135398226,jadoo,0xf049F0d0D3b364634B4af42887a086910633690E,,0.00741699 ETH,0.00084
0x77bfb539f9d43b162b86a0bec5c9d11ecc0025bb7c358f4716e7e9db9e422125,Transfer,11683902,2021-01-19 05:42:00,0x2a65Aca4D5fC5B5C859090a6c34d164135398226,jadoo,0x22AD96b15574858bbF31121565595fd56Cc357B2,,0.00285265 ETH,0.00084
0x166223c984ddd515549f4aceb6a386145c675c7b55bfdfb07adc9d0e66d76000,Transfer,11683902,2021-01-19 05:42:00,0x2a65Aca4D5fC5B5C859090a6c34d164135398226,jadoo,0x535C50331a721342e52F906A66CBC3d189efa8AF,,0.0312616 ETH,0.00084
0xbf8c3682f67273e2e6edd5173954f1ab84e32986b2fbd907db0fed4fb05a45eb,Transfer,11683902,2021-01-19 05:42:00,0x2a65Aca4D5fC5B5C859090a6c34d164135398226,jadoo,0xD5211ca3702f783ADf95387F3E11F4a5945f209E,,0.03923647 ETH,0.00084
0x51188801803d7ca5d39f19d4e9966b343f4b8718d83f99f2ca374fd794f1f120,Transfer,11683902,2021-01-19 05:42:00,0x2a65Aca4D5fC5B5C859090a6c34d164135398226,jadoo,0x55158C0459A6d78b99bd14bBe572FA16C65efC04,,0.14676828 ETH,0.00084
0xde831670e458a12243a1866f754b39016c36552d7a4cb3e5d3c68f734ea8af7a,Transfer,11683876,2021-01-19 05:36:07,0x2a65Aca4D5fC5B5C859090a6c34d164135398226,jadoo,0x9fe19649f9d6567Ff2b677f31057869E46355376,,0.31546599 ETH,0.00084
0x6aba1b1cfefc123e55996a6fc831e3d4ca3d74bcdcc11aa2d924b5484caf842b,Transfer,11682110,2021-01-18 23:06:58,0x2a65Aca4D5fC5B5C859090a6c34d164135398226,jadoo,0xB28936ed54110bbD27126B611fa76c37C34d5fF9,,0.0061562 ETH,0.00084
0x6709a070f617395340d30e716fb07d5cc055b2c07bcd52e7a70896edc4d9415b,Transfer,11681372,2021-01-18 20:27:50,0x2a65Aca4D5fC5B5C859090a6c34d164135398226,jadoo,0x9a949a0843324C2E1F84Ef48680e7348DA555644,,0.0515385 ETH,0.00084
0xe404c7d5b714c0f5171113ef101ac3647264fe4079d3abc4ac5de3352ec9be51,Transfer,11681372,2021-01-18 20:27:50,0x2a65Aca4D5fC5B5C859090a6c34d164135398226,jadoo,0xa0F6777a3309514A1071521bced994d7858e41eB,,0.09630854 ETH,0.00084
0xd0561a4f0c9d8d7dff8a86313d181dc4154772bac6729cdf68c7dc2de2c62a92,Transfer,11681371,2021-01-18 20:27:46,0x2a65Aca4D5fC5B5C859090a6c34d164135398226,jadoo,0x6f04f7538A84c0afa0cF5FA766147A8D1eb1Da5F,,0.0018554 ETH,0.00170048
0xb031d0a05565cbc6214ed3470f4bb9ea07a9c0ed833f83a427d582e20cb511a7,Transfer,11680907,2021-01-18 18:39:38,0x2a65Aca4D5fC5B5C859090a6c34d164135398226,jadoo,0xBA83DbA746b89FF9b187d8304A86EED8b37470dd,,0.00510494 ETH,0.00084
0x9d0c259055a62f4eb92b380af4340285032c73cac26f151abaa146cbe999a503,Transfer,11680906,2021-01-18 18:39:34,0x2a65Aca4D5fC5B5C859090a6c34d164135398226,jadoo,0xdC017000b69691E50515C5830069D63D9C0e7a70,,0.03710524 ETH,0.0013722
0x79a478949fda8c2f5ca139e102aa3e718e44e499061a0f3d956ff5c6c8c44480,Transfer,11680904,2021-01-18 18:39:21,0x2a65Aca4D5fC5B5C859090a6c34d164135398226,jadoo,0x07818Ce05C16b42E4189e316420dCaF046E8d1bc,,0.0050669 ETH,0.00084